"DESCRIPTION","DURATION IN MS","NAME","PARENT SUITE","START TIME","STATUS","STOP TIME","SUB SUITE","SUITE","TEST CLASS","TEST METHOD"
"","56","0","Authentication","2026-10-06","passed","2026-10-06","","","",""
"","17","2","Orders (CRUD)","2026-10-06","passed","2026-10-06","","","",""
"","19","1","Authentication","2026-10-06","passed","2026-10-06","","","",""
"","22","2","Authentication","2026-10-06","passed","2026-10-06","","","",""
"","23","1","Authentication","2026-10-06","passed","2026-10-06","","","",""
"","22","1","Orders (CRUD)","2026-10-06","passed","2026-10-06","","","",""
"","20","3","Authentication","2026-10-06","passed","2026-10-06","","","",""
"","29","0","Orders (CRUD)","2026-10-06","passed","2026-10-06","","","",""
"","21","2","Orders (CRUD)","2026-10-06","passed","2026-10-06","","","",""
"","23","0","Orders (CRUD)","2026-10-06","passed","2026-10-06","","","",""
"","25","0","Orders (CRUD)","2026-10-06","passed","2026-10-06","","","",""
"","29","1","Orders (CRUD)","2026-10-06","passed","2026-10-06","","","",""
"","17","2","Authentication","2026-10-06","passed","2026-10-06","","","",""
"","25","0","Authentication","2026-10-06","passed","2026-10-06","","","",""
"","21","2","Authentication","2026-10-06","passed","2026-10-06","","","",""
"","22","1","Authentication","2026-10-06","passed","2026-10-06","","","",""
"","22","5","Authentication","2026-10-06","passed","2026-10-06","","","",""
"","21","1","Authentication","2026-10-06","passed","2026-10-06","","","",""
"","51","0","Authentication","2026-10-06","passed","2026-10-06","","","",""
"","18","1","Orders (CRUD)","2026-10-06","passed","2026-10-06","","","",""
"","20","3","Authentication","2026-10-06","passed","2026-10-06","","","",""
"","19","3","Authentication","2026-10-06","passed","2026-10-06","","","",""
"","20","2","Orders (CRUD)","2026-10-06","passed","2026-10-06","","","",""
"","26","1","Authentication","2026-10-06","passed","2026-10-06","","","",""
"","25","4","Authentication","2026-10-06","passed","2026-10-06","","","",""
"","14","1","Orders (CRUD)","2026-10-06","passed","2026-10-06","","","",""
"","28","0","Authentication","2026-10-06","passed","2026-10-06","","","",""
"","20","2","Authentication","2026-10-06","passed","2026-10-06","","","",""
"","188","0","Authentication","2026-10-06","passed","2026-10-06","","","",""
"","22","0","Products","2026-10-06","passed","2026-10-06","","","",""
"","20","2","Orders (CRUD)","2026-10-06","passed","2026-10-06","","","",""
"","23","2","Authentication","2026-10-06","passed","2026-10-06","","","",""
"","20","2","Products","2026-10-06","passed","2026-10-06","","","",""
"","17","3","Orders (CRUD)","2026-10-06","passed","2026-10-06","","","",""
"","18","0","Orders (CRUD)","2026-10-06","passed","2026-10-06","","","",""
"","25","1","Products","2026-10-06","passed","2026-10-06","","","",""
